,timestamp,open,high,low,close,volume,trades,hma50,hma80,compra,venta,%
0,2020-12-30,0.19069,0.19389,0.17511,0.18389,670221026.8,0.0,,,,,
1,2020-12-31,0.18389,0.1864,0.17443,0.18134,447672619.8,0.0,,,,,
2,2021-01-01,0.18134,0.18473,0.17,0.17509,462201570.9,0.0,,,,,
3,2021-01-02,0.17505,0.18457,0.16793,0.17742,660303281.2,0.0,,,,,
4,2021-01-03,0.1774,0.2096,0.17255,0.20615,1201451449.3,0.0,,,,,
5,2021-01-04,0.20625,0.23992,0.19203,0.22528,1463415575.6,0.0,,,,,
6,2021-01-05,0.22518,0.26429,0.20696,0.25873,1478887679.33,0.0,,,,,
7,2021-01-06,0.25889,0.34772,0.25347,0.33309,2059110042.76,0.0,,,,,
8,2021-01-07,0.33311,0.3553,0.2785,0.29928,1411321698.55,0.0,,,,,
9,2021-01-08,0.29917,0.32165,0.26175,0.30389,1284205249.4,0.0,,,,,
10,2021-01-09,0.30392,0.33851,0.29583,0.33062,820267450.7,0.0,,,,,
11,2021-01-10,0.33062,0.3412,0.27948,0.30153,908667596.0,0.0,,,,,
12,2021-01-11,0.30154,0.30397,0.2288,0.2757,1530569582.3,0.0,,,,,
13,2021-01-12,0.27563,0.31442,0.2628,0.28888,1059013244.8,0.0,,,,,
14,2021-01-13,0.28875,0.31587,0.27,0.3123,715473111.9,0.0,,,,,
15,2021-01-14,0.31246,0.32455,0.29646,0.31201,656502674.0,0.0,,,,,
16,2021-01-15,0.31203,0.33225,0.27739,0.30188,853517402.8,0.0,,,,,
17,2021-01-16,0.30189,0.36696,0.30186,0.35071,1219589043.23,0.0,,,,,
18,2021-01-17,0.35057,0.3974,0.34076,0.38081,1422650839.29,0.0,,,,,
19,2021-01-18,0.38077,0.39724,0.36413,0.37123,636785470.4,0.0,,,,,
20,2021-01-19,0.37132,0.39001,0.362,0.3672,606641543.0,0.0,,,,,
21,2021-01-20,0.3672,0.3769,0.33033,0.37532,656351514.5,0.0,,,,,
22,2021-01-21,0.37548,0.37945,0.3,0.30785,785029729.8,0.0,,,,,
23,2021-01-22,0.30786,0.3598,0.28,0.34867,898752288.0,0.0,,,,,
24,2021-01-23,0.34842,0.35763,0.33541,0.34583,418300948.7,0.0,,,,,
25,2021-01-24,0.34575,0.36926,0.33613,0.35345,458536220.6,0.0,,,,,
26,2021-01-25,0.35346,0.36415,0.34034,0.34308,407390809.5,0.0,,,,,
27,2021-01-26,0.34284,0.35111,0.32404,0.3433,354428194.0,0.0,,,,,
28,2021-01-27,0.34342,0.34396,0.30404,0.31144,422544056.1,0.0,,,,,
29,2021-01-28,0.31142,0.35575,0.30431,0.34409,487709261.2,0.0,,,,,
30,2021-01-29,0.34409,0.36836,0.3305,0.34752,666472809.5,0.0,,,,,
31,2021-01-30,0.34764,0.37694,0.337,0.364,510716622.4,0.0,,,,,
32,2021-01-31,0.36395,0.37752,0.338,0.34475,399794774.9,0.0,,,,,
33,2021-02-01,0.34464,0.42411,0.33214,0.40876,844822325.13,0.0,,,,,
34,2021-02-02,0.40882,0.4559,0.38868,0.42498,1501769862.49,0.0,,,,,
35,2021-02-03,0.425,0.44961,0.41509,0.44189,541252929.4,0.0,,,,,
36,2021-02-04,0.44213,0.45,0.41003,0.43934,536142412.3,0.0,,,,,
37,2021-02-05,0.43903,0.56,0.43638,0.53917,1277155737.26,0.0,,,,,
38,2021-02-06,0.53874,0.66706,0.51901,0.63444,1255504052.74,0.0,,,,,
39,2021-02-07,0.63444,0.70888,0.58,0.66109,1596532267.5,0.0,,,,,
40,2021-02-08,0.66109,0.7238,0.63191,0.67638,1008667679.66,0.0,,,,,
41,2021-02-09,0.67674,0.71206,0.6624,0.70562,590482327.7,0.0,,,,,
42,2021-02-10,0.70562,0.95306,0.70555,0.93966,1693219939.33,0.0,,,,,
43,2021-02-11,0.94041,0.98,0.86513,0.92796,975100368.22,0.0,,,,,
44,2021-02-12,0.9281,0.94825,0.866,0.92426,649547803.8,0.0,,,,,
45,2021-02-13,0.92418,0.95053,0.82,0.91299,586878561.3,0.0,,,,,
46,2021-02-14,0.91303,0.919,0.80666,0.84364,539495015.4,0.0,,,,,
47,2021-02-15,0.84288,0.911,0.6856,0.86143,932826536.9,0.0,,,,,
48,2021-02-16,0.86128,0.90591,0.83334,0.87,526075390.6,0.0,,,,,
49,2021-02-17,0.8699,0.89745,0.8215,0.89206,460328636.1,0.0,0.8766982202111616,,,,
50,2021-02-18,0.89206,0.9578,0.89202,0.91442,580074009.4,0.0,0.9074896168929107,,,,
51,2021-02-19,0.91433,0.9456,0.87851,0.92581,547803715.8,0.0,0.9367074962292609,,,,
52,2021-02-20,0.92597,1.2,0.91329,1.11568,1480541916.53,0.0,0.9846881297134237,,,,
53,2021-02-21,1.1156,1.15172,1.0675,1.09894,636265765.2,0.0,1.0267344591251883,,,,
54,2021-02-22,1.09955,1.146,0.831,1.09703,1333970209.1,0.0,1.0644384512820513,,,,
55,2021-02-23,1.09728,1.142,0.81,0.96197,1625220448.7,0.0,1.082725704977376,,,,
56,2021-02-24,0.96136,1.077,0.8978,1.04902,946049063.3,0.0,1.1077881061840125,,,,
57,2021-02-25,1.04883,1.177,1.012,1.07691,961855836.2,0.0,1.1324518787330318,,,,
58,2021-02-26,1.07688,1.298,0.99,1.24303,1805727721.5,0.0,1.172235852790347,,,,
59,2021-02-27,1.24353,1.488,1.2271,1.31402,1994359638.5,0.0,1.215763670588235,,,,
60,2021-02-28,1.314,1.3595,1.154,1.31203,1599172340.3,0.0,1.2543846171945705,,,,
61,2021-03-01,1.31279,1.348,1.23131,1.29627,984011920.2,0.0,1.2866140132730013,,,,
62,2021-03-02,1.29678,1.29998,1.18,1.2228,753904502.9,0.0,1.3059282817496225,,,,
63,2021-03-03,1.22281,1.26636,1.20865,1.21311,454913445.3,0.0,1.320667650678733,,,,
64,2021-03-04,1.21315,1.23052,1.06695,1.11239,748035034.3,0.0,1.3210252790346904,,,,
65,2021-03-05,1.11261,1.1972,1.03374,1.15908,830654685.1,0.0,1.3245852947209646,,,,
66,2021-03-06,1.15907,1.183,1.08493,1.129,394799528.8,0.0,1.3223911330316742,,,,
67,2021-03-07,1.12901,1.145,1.10562,1.13042,324367538.9,0.0,1.3184030527903468,,,,
68,2021-03-08,1.13073,1.17835,1.105,1.11848,398514643.5,0.0,1.3124839143288085,,,,
69,2021-03-09,1.11836,1.22,1.11083,1.1972,616039069.3,0.0,1.3149946202111618,,,,
70,2021-03-10,1.19734,1.208,1.115,1.13261,384497300.9,0.0,1.3090695330316737,,,,
71,2021-03-11,1.13226,1.14,1.1075,1.1243,301611714.1,0.0,1.3014406805429863,,,,
72,2021-03-12,1.12417,1.128,1.02,1.03207,423021914.4,0.0,1.282099756862745,,,,
73,2021-03-13,1.03207,1.193,0.985,1.1,643811025.4,0.0,1.2700636042232276,,,,
74,2021-03-14,1.10016,1.10265,1.0519,1.05243,304362465.7,0.0,1.2517483740573152,,,,
75,2021-03-15,1.05241,1.07078,1.00001,1.03103,400978353.1,0.0,1.2305473556561093,,,,
76,2021-03-16,1.03071,1.28,1.0,1.24924,1248716359.1,0.0,1.2341736868778272,,,,
77,2021-03-17,1.24974,1.43,1.20353,1.377,1094860557.7,0.0,1.2511655819004528,,,,
78,2021-03-18,1.3775,1.47299,1.22154,1.22925,1446280469.1,0.0,1.2504234473604827,,,,
79,2021-03-19,1.22966,1.34286,1.18003,1.29474,812311179.7,0.0,1.257106405429864,1.3638677410418554,,,
80,2021-03-20,1.29499,1.30974,1.19978,1.20046,401638128.1,0.0,1.2525109339366511,1.3642299629629624,,,
81,2021-03-21,1.20048,1.24139,1.16,1.18561,305630409.8,0.0,1.2454145417797882,1.3625455833333335,,,
82,2021-03-22,1.18561,1.20782,1.067,1.1015,384255570.1,0.0,1.2284804271493213,1.3538713927280936,,,
83,2021-03-23,1.1015,1.1739,1.08145,1.11639,371967713.8,0.0,1.213695366515837,1.3461734280337243,,,
84,2021-03-24,1.11563,1.1639,1.038,1.06902,354915791.2,0.0,1.1948145876319756,1.3348538497440532,,,
85,2021-03-25,1.06879,1.1535,1.04584,1.0956,527623538.8,0.0,1.1809935082956258,1.3253843906202947,,,
86,2021-03-26,1.09596,1.28755,1.09426,1.2142,671982901.0,0.0,1.1826121930618403,1.324380495182174,,,
87,2021-03-27,1.21419,1.2389,1.15623,1.17678,270954337.7,0.0,1.1810541852187029,1.3200409119241183,,,
88,2021-03-28,1.17646,1.22,1.1665,1.18983,199736804.6,0.0,1.1817753912518856,1.3161435289822345,,,
89,2021-03-29,1.18983,1.22979,1.178,1.20239,263071765.2,0.0,1.1845152174962295,1.3126561763775966,,,
90,2021-03-30,1.2024,1.23555,1.18909,1.21189,257460678.6,0.0,1.1882147360482662,1.3093814975158085,,,
91,2021-03-31,1.212,1.21273,1.151,1.19191,302818874.6,0.0,1.189718961085973,1.3041973440228842,,,
92,2021-04-01,1.19172,1.20772,1.17171,1.18377,212963382.6,0.0,1.1902843595776769,1.2980458160945503,,,
93,2021-04-02,1.1833,1.24796,1.18026,1.18998,314062254.4,0.0,1.1914247644042237,1.2924610038392048,,,
94,2021-04-03,1.18998,1.24078,1.15977,1.16238,313837978.9,0.0,1.1891668742081447,1.2849210586419748,,,
95,2021-04-04,1.16245,1.193,1.152,1.18206,204575492.2,0.0,1.1895659493212665,1.2789181676452879,,,
96,2021-04-05,1.18205,1.22647,1.16222,1.2118,318801564.5,0.0,1.1932808621417796,1.274814148148148,,,
97,2021-04-06,1.21172,1.34359,1.1901,1.252,726926008.5,0.0,1.2013542111613877,1.2735233023938575,,,
98,2021-04-07,1.25217,1.29,1.1588,1.17359,405313990.0,0.0,1.199392299245852,1.2663698770701595,,,
99,2021-04-08,1.17356,1.22502,1.16999,1.21926,215242842.9,0.0,1.2024508090497736,1.2629584582204147,,,
100,2021-04-09,1.21896,1.22907,1.19134,1.20201,156767192.2,0.0,1.2027619245852192,1.2587828980728697,,,
101,2021-04-10,1.20201,1.25199,1.19157,1.21747,290774078.0,0.0,1.2040186033182503,1.25625990108401,,,
102,2021-04-11,1.21753,1.28989,1.199,1.26355,451246041.8,0.0,1.2109817146304676,1.2575468540349288,,,
103,2021-04-12,1.26376,1.348,1.2633,1.31431,559487897.9,0.0,1.2245775987933636,1.2627282476663657,,,
104,2021-04-13,1.31452,1.4378,1.28138,1.41246,605026285.0,0.0,1.249069934841629,1.2751130020325208,,,
105,2021-04-14,1.41246,1.55845,1.348,1.45092,1053166777.6,0.0,1.2774939239819,1.2898976506323399,1.45092,,
106,2021-04-15,1.4514,1.49539,1.41023,1.4782,413204000.6,0.0,1.3078872301659126,1.3062971028304733,,,
107,2021-04-16,1.47845,1.51915,1.334,1.40989,562141264.2,0.0,1.3289861870286575,1.3172174698133092,,,
108,2021-04-17,1.40989,1.45805,1.35501,1.36802,323840975.1,0.0,1.3436489423831066,1.3247343462059626,,,
109,2021-04-18,1.36861,1.38654,1.07204,1.27693,804838502.1,0.0,1.346419547511312,1.3253309999247211,,,
110,2021-04-19,1.27655,1.32443,1.17122,1.1945,477279604.9,0.0,1.3384326268476616,1.3200144612315565,,,
111,2021-04-20,1.19451,1.28241,1.12685,1.26689,470266399.2,0.0,1.3380430099547513,1.320083416516109,,,
112,2021-04-21,1.26665,1.29,1.19704,1.20358,404434984.0,0.0,1.3300488488687783,1.3154698855766336,,,
113,2021-04-22,1.20312,1.27984,1.1138,1.144,522618869.4,0.0,1.3150450069381603,1.3063615367359231,,,
114,2021-04-23,1.14443,1.16895,0.92,1.15866,989280841.9,0.0,1.3019494745098033,1.2984410653417642,,,
115,2021-04-24,1.15872,1.198,1.0927,1.10287,434215610.4,0.0,1.2827641061840123,1.2864225448660045,,,
116,2021-04-25,1.103,1.14678,1.0183,1.0913,305075283.55,0.0,1.262879269381599,1.273589709575429,,,
117,2021-04-26,1.091,1.2509,1.0793,1.2375,473369883.13,0.0,1.2603429767722474,1.2719968541102071,,,
118,2021-04-27,1.2377,1.3333,1.2232,1.3063,392979049.07,0.0,1.2654465984917036,1.2759732061878957,,,
119,2021-04-28,1.3063,1.3488,1.2326,1.3379,388598645.07,0.0,1.2736040374057314,1.2822716755495334,,,
120,2021-04-29,1.3373,1.4117,1.2661,1.3063,578529650.82,0.0,1.2771693834087483,1.286371088678109,,,
121,2021-04-30,1.3066,1.3709,1.2855,1.3532,308696257.77,0.0,1.2854825719457017,1.2938243602830466,1.3532,,
122,2021-05-01,1.353,1.3678,1.3128,1.3516,208656399.38,0.0,1.292921727300151,1.3009521547726595,,,
123,2021-05-02,1.3516,1.3556,1.2941,1.3267,218990273.64,0.0,1.297144272699849,1.3057826377597115,,,
124,2021-05-03,1.3267,1.38,1.3208,1.3622,271187623.29,0.0,1.304671788235294,1.312810108852756,,,
125,2021-05-04,1.3627,1.3673,1.2557,1.2698,421500877.62,0.0,1.3009707746606325,1.312524520776874,,,
126,2021-05-05,1.2699,1.497,1.2598,1.4798,579064616.22,0.0,1.3211122606334835,1.327226800888287,,,
127,2021-05-06,1.4799,1.7,1.4288,1.6491,1342973403.72,0.0,1.3592271776772253,1.3538144480578138,,,
128,2021-05-07,1.6491,1.7478,1.526,1.653,789059200.98,0.0,1.3956299499245848,1.3797773947606136,,,
129,2021-05-08,1.6529,1.6543,1.5611,1.6211,393498897.98,0.0,1.4266241170437408,1.4025277844022892,,,
130,2021-05-09,1.6206,1.833,1.5726,1.7663,883091328.46,0.0,1.4732346582202112,1.4350626109605544,,,
131,2021-05-10,1.7662,1.8243,1.517,1.6423,712304913.86,0.0,1.5041340174962292,1.457472311352002,,,
132,2021-05-11,1.6418,1.7791,1.5954,1.7632,524326718.11,0.0,1.5482405423831072,1.487814575203252,,,
133,2021-05-12,1.7633,1.821,1.5462,1.5694,599710080.8,0.0,1.5684764476621413,1.5028213151159295,,,
134,2021-05-13,1.5669,1.9719,1.5,1.9296,1567655289.16,0.0,1.6291182877828054,1.543295480352303,,,
135,2021-05-14,1.9289,2.043,1.8112,2.0069,695033070.96,0.0,1.695279596983409,1.5877881647847032,,,
136,2021-05-15,2.0073,2.3789,1.9628,2.1744,1376815760.83,0.0,1.7763568699849175,1.6427972145438123,,,
137,2021-05-16,2.1754,2.47,2.0104,2.3002,1190745903.78,0.0,1.8670230769230776,1.704972796823246,,,
138,2021-05-17,2.3002,2.329,1.9159,2.0307,1137971306.33,0.0,1.9209290558069376,1.7453309904396264,,,
139,2021-05-18,2.0301,2.1492,1.9712,2.0036,612259916.93,0.0,1.9669314395173447,1.7818670132490217,,,
140,2021-05-19,2.0036,2.0317,1.01,1.4663,2261842102.36,0.0,1.946771642232277,1.7775499994730508,,1.4663,8.357966302098726
141,2021-05-20,1.4676,1.9487,1.3218,1.8006,1331716279.01,0.0,1.96289585520362,1.7969963032971998,,,
142,2021-05-21,1.8002,1.87,1.32,1.5493,1158826530.96,0.0,1.9463259125188535,1.7968638613369474,,,
143,2021-05-22,1.5493,1.602,1.3661,1.4629,800713185.45,0.0,1.9182198184012065,1.7898393048027705,,,
144,2021-05-23,1.4636,1.5397,1.051,1.3139,1461270087.31,0.0,1.8722841472096527,1.7716718562932856,,,
145,2021-05-24,1.3135,1.5974,1.2476,1.55,1034255631.11,0.0,1.8536792609351431,1.7710115091839809,,,
146,2021-05-25,1.5497,1.6499,1.4354,1.5532,807717267.52,0.0,1.8342300802413276,1.7704633406353514,,,
147,2021-05-26,1.5525,1.832,1.552,1.7791,857080518.13,0.0,1.839712917647058,1.7863244177958453,,,
148,2021-05-27,1.7788,1.7885,1.6077,1.6552,590119092.56,0.0,1.8287756826546004,1.79245664701897,,,
149,2021-05-28,1.6552,1.678,1.45,1.5133,817239543.16,0.0,1.7999285791855206,1.787713892803372,,,
150,2021-05-29,1.5133,1.5624,1.335,1.4029,576104659.27,0.0,1.7577270455505272,1.774447382339657,,,
151,2021-05-30,1.4035,1.7,1.3457,1.5751,764079031.67,0.0,1.7346033622926098,1.7733041501806701,,,
152,2021-05-31,1.5751,1.75,1.5249,1.7373,600116070.88,0.0,1.7297667734539963,1.7833677740891294,,,
153,2021-06-01,1.7376,1.7796,1.6531,1.7363,530252586.94,0.0,1.724644353544495,1.7922744358626923,,,
154,2021-06-02,1.7362,1.8042,1.7173,1.7534,431644801.42,0.0,1.7213004717948712,1.8011789228395056,,,
155,2021-06-03,1.7534,1.8897,1.7134,1.8453,417400945.02,0.0,1.727944380090498,1.8155458910719655,,,
156,2021-06-04,1.8454,1.848,1.608,1.7077,596433033.05,0.0,1.7186382998491705,1.8183265129479074,,,
157,2021-06-05,1.708,1.7823,1.61,1.6551,369328430.6,0.0,1.7030801954751118,1.815912278304728,,,
158,2021-06-06,1.6555,1.7077,1.6451,1.6771,191999153.68,0.0,1.6909015137254906,1.8141684719963855,,,
159,2021-06-07,1.6771,1.7414,1.55,1.5659,341267094.73,0.0,1.6655555704374057,1.803555399277326,,,
160,2021-06-08,1.5659,1.5966,1.4,1.5819,612223590.99,0.0,1.644508511613876,1.793635834236676,,,
161,2021-06-09,1.5818,1.635,1.4827,1.6279,471664344.33,0.0,1.631653682051282,1.7865138048780496,,,
162,2021-06-10,1.6282,1.6378,1.5064,1.5328,312406121.42,0.0,1.6115437170437408,1.7719283841463414,,,
163,2021-06-11,1.5328,1.5474,1.4192,1.4371,323101330.0,0.0,1.58544428959276,1.7500605070761814,,,
164,2021-06-12,1.4368,1.4934,1.3562,1.4789,362965214.53,0.0,1.568019221116139,1.731068296296296,,,
165,2021-06-13,1.4789,1.58,1.4001,1.5566,330722303.94,0.0,1.5629810316742083,1.7175799268292682,,,
166,2021-06-14,1.5563,1.595,1.5056,1.5769,280791163.74,0.0,1.560070015082956,1.7050135823547132,,,
167,2021-06-15,1.5769,1.6109,1.5441,1.5552,216159062.78,0.0,1.5564289954751136,1.690741082354712,,,
168,2021-06-16,1.555,1.5754,1.474,1.4851,203580536.01,0.0,1.5449652488687788,1.6717062428485399,,,
169,2021-06-17,1.4851,1.5388,1.4568,1.4826,165078770.77,0.0,1.5332185460030168,1.6529898742095757,,,
170,2021-06-18,1.4825,1.4927,1.374,1.4163,220933715.72,0.0,1.51294717948718,1.6298665393706722,,,
171,2021-06-19,1.4164,1.4411,1.3834,1.3839,145492869.0,0.0,1.489870829562594,1.6052989769647692,,,
172,2021-06-20,1.384,1.46,1.306,1.4263,269372753.54,0.0,1.4727207360482646,1.5845105864197526,,,
173,2021-06-21,1.4262,1.4371,1.1672,1.174,512064782.95,0.0,1.4288790407239822,1.5462337536133706,,,
174,2021-06-22,1.1738,1.2634,1.0001,1.1567,907361654.28,0.0,1.3858957043740572,1.5076557345679014,,,
175,2021-06-23,1.1563,1.31,1.108,1.2512,490479573.3,0.0,1.355778232277526,1.4778472632490212,,,
176,2021-06-24,1.2513,1.3998,1.2006,1.3604,427028527.81,0.0,1.3390973574660623,1.4578606644083112,,,
177,2021-06-25,1.3604,1.3971,1.2431,1.2521,548380704.22,0.0,1.3112295867269992,1.4320135160343266,,,
178,2021-06-26,1.252,1.2923,1.1968,1.2521,307404658.42,0.0,1.2860362895927608,1.4087227399879554,,,
179,2021-06-27,1.252,1.3499,1.241,1.338,242097878.29,0.0,1.2733550105580693,1.393614719963865,,,
180,2021-06-28,1.3379,1.3506,1.3042,1.326,220547816.19,0.0,1.2616324343891399,1.379292327311051,,,
181,2021-06-29,1.3261,1.42,1.319,1.373,287571860.2,0.0,1.2581478491704379,1.3687752703252043,,,
182,2021-06-30,1.3731,1.3993,1.2825,1.3853,263769140.47,0.0,1.2579216953242836,1.3602454395513401,,,
183,2021-07-01,1.3853,1.3862,1.302,1.3313,196824530.3,0.0,1.2528694117647066,1.3482182265883769,,,
184,2021-07-02,1.3312,1.3959,1.285,1.3946,235621261.45,0.0,1.2570144917043744,1.3411298798554654,1.3946,,
185,2021-07-03,1.3947,1.4444,1.3579,1.4045,197443853.76,0.0,1.2629289592760184,1.3345606007226745,,,
186,2021-07-04,1.4045,1.4955,1.3815,1.4615,185325977.32,0.0,1.2759965852187025,1.3324854406805176,,,
187,2021-07-05,1.4615,1.4616,1.3764,1.4039,210256310.91,0.0,1.2829263589743596,1.3264314948810592,,,
188,2021-07-06,1.4039,1.4578,1.3888,1.4157,173402604.28,0.0,1.2912990226244345,1.3221506837548924,,,
189,2021-07-07,1.4156,1.4416,1.4,1.404,125167776.95,0.0,1.297979849170438,1.317616160493827,,,
190,2021-07-08,1.404,1.4065,1.3194,1.327,175680408.72,0.0,1.2958247782805434,1.3077764811803678,,,
191,2021-07-09,1.3268,1.3746,1.2859,1.3504,160293985.2,0.0,1.2976557285067876,1.2998679679313458,,,
192,2021-07-10,1.3504,1.366,1.3158,1.3356,93476664.31,0.0,1.2988308959276014,1.2914548078139125,,,
193,2021-07-11,1.3356,1.3669,1.3231,1.3485,71704260.26,0.0,1.3026685731523382,1.285002168774467,,,
194,2021-07-12,1.3485,1.3736,1.2916,1.3126,112067630.51,0.0,1.303141906485671,1.2769424814062025,,,
195,2021-07-13,1.3126,1.3216,1.25,1.265,125015668.98,0.0,1.299203963800905,1.2665368345377903,,,
196,2021-07-14,1.2649,1.2894,1.198,1.2635,165466902.33,0.0,1.2958016229260936,1.2574872892201148,,,
197,2021-07-15,1.2634,1.29,1.205,1.2258,133685795.15,0.0,1.2885914208144797,1.2468271221017757,,,
198,2021-07-16,1.2258,1.245,1.1655,1.1708,159173625.74,0.0,1.2758764283559578,1.2332025880758817,,,
199,2021-07-17,1.1705,1.1948,1.1497,1.1721,124485807.1,0.0,1.2629502262443444,1.2208658416139717,,,
200,2021-07-18,1.1721,1.2186,1.1666,1.1813,108584207.61,0.0,1.2507162473604827,1.2101088105992166,,,
201,2021-07-19,1.1814,1.1921,1.1156,1.1225,138646747.17,0.0,1.231998346907994,1.196005538994279,,,
202,2021-07-20,1.1226,1.1362,1.0202,1.0539,283618751.18,0.0,1.206525815987933,1.1780648908461304,,,
203,2021-07-21,1.0541,1.2222,1.0366,1.1711,287296624.78,0.0,1.195171668174962,1.1697407279433902,,,
204,2021-07-22,1.1711,1.2081,1.1492,1.1856,158912321.76,0.0,1.185534829562594,1.1630739302920814,,,
205,2021-07-23,1.1857,1.2089,1.1465,1.2077,131335875.06,0.0,1.1789238371040724,1.1586784108702197,,,
206,2021-07-24,1.2075,1.2487,1.1964,1.2327,142716783.01,0.0,1.1754065279034691,1.156936440831075,,,
207,2021-07-25,1.2332,1.2388,1.19,1.2284,107934124.51,0.0,1.171887143288084,1.1556443781993364,,,
208,2021-07-26,1.2283,1.3991,1.2221,1.2551,415073283.88,0.0,1.1720592639517344,1.1569651618488404,,,
209,2021-07-27,1.2549,1.3158,1.2136,1.2799,233094192.34,0.0,1.175212162895928,1.1605312789822344,,,
210,2021-07-28,1.2797,1.32,1.2573,1.2875,201236980.03,0.0,1.179717785822022,1.1650402868112018,,,
211,2021-07-29,1.2875,1.2987,1.256,1.2856,130840990.64,0.0,1.1844947088989441,1.1695772109304423,,,
212,2021-07-30,1.2856,1.3179,1.2467,1.3108,181649929.84,0.0,1.1929743107088993,1.176080112917796,,,
213,2021-07-31,1.3109,1.3329,1.287,1.3193,122070136.42,0.0,1.2028270769230769,1.1833444843420653,,,
214,2021-08-01,1.3193,1.3879,1.2984,1.3142,200978816.46,0.0,1.212596066365008,1.1898056391147254,,,
215,2021-08-02,1.3145,1.35,1.2927,1.3083,124737501.38,0.0,1.2221121749622927,1.1952627785305638,,,
216,2021-08-03,1.3082,1.3827,1.2613,1.3696,250226135.48,0.0,1.2385754630467578,1.2048319399277327,,,
217,2021-08-04,1.3697,1.3938,1.323,1.3765,182865692.1,0.0,1.255548959276019,1.214633067600121,,,
218,2021-08-05,1.3766,1.3974,1.338,1.3859,160752874.44,0.0,1.2732081327300153,1.2245306624510688,,,
219,2021-08-06,1.3859,1.425,1.3613,1.4025,165384665.39,0.0,1.2924622141779787,1.2351125391448354,,,
220,2021-08-07,1.4027,1.485,1.3945,1.4727,245578409.2,0.0,1.3191473001508298,1.2504670212285462,,,
221,2021-08-08,1.4726,1.4941,1.407,1.4255,201134603.12,0.0,1.3391879095022623,1.262026227792834,,,
222,2021-08-09,1.4256,1.499,1.3933,1.4745,204393100.93,0.0,1.3638811161387632,1.276912225233363,,,
223,2021-08-10,1.4745,1.701,1.457,1.678,356506024.51,0.0,1.4104089653092005,1.3063865424570915,,,
224,2021-08-11,1.678,1.895,1.67,1.7934,488863450.17,0.0,1.467439233785821,1.3434907926829274,,,
225,2021-08-12,1.7934,1.869,1.6792,1.8324,431637639.2,0.0,1.5256160784313724,1.3826122688949107,,,
226,2021-08-13,1.833,2.1495,1.8212,2.1386,589994492.03,0.0,1.6153418461538465,1.4430899239686854,,,
227,2021-08-14,2.1386,2.25,2.0835,2.1878,599325581.5,0.0,1.7050648627450975,1.5056819798253538,,,
228,2021-08-15,2.1875,2.2499,2.03,2.1667,370249371.15,0.0,1.7861252126696832,1.5649506775067756,,,
229,2021-08-16,2.1667,2.2,2.0463,2.0714,313643255.53,0.0,1.8508518431372551,1.6156010636856368,,,
230,2021-08-17,2.0717,2.1414,1.9059,1.9239,361700269.73,0.0,1.8937946184012058,1.6540476294790725,,,
231,2021-08-18,1.924,2.1643,1.87,2.1043,486614298.9,0.0,1.9534782865761688,1.7043448230954537,,,
232,2021-08-19,2.1045,2.455,2.0462,2.4411,661367609.97,0.0,2.04697937254902,1.7775090567600123,,,
233,2021-08-20,2.4411,2.5817,2.3666,2.4557,619099859.32,0.0,2.1355193725490196,1.8492580676001207,,,
234,2021-08-21,2.4557,2.5288,2.3805,2.4341,297136052.16,0.0,2.2150769291101056,1.9169546439325502,,,
235,2021-08-22,2.4347,2.7212,2.4306,2.7049,485497408.99,0.0,2.319388941176471,2.0018590394459506,,,
236,2021-08-23,2.705,2.9719,2.6849,2.9152,653707062.88,0.0,2.440105200603319,2.0988412729599517,,,
237,2021-08-24,2.9152,2.947,2.5872,2.7187,641652294.22,0.0,2.5294084223227755,2.177848775218307,,,
238,2021-08-25,2.7191,2.797,2.6,2.739,460928567.06,0.0,2.6134058582202115,2.255022582806384,,,
239,2021-08-26,2.7389,2.785,2.47,2.528,407754722.33,0.0,2.665517532428356,2.313323769948811,,,
240,2021-08-27,2.529,2.9473,2.494,2.946,472662823.39,0.0,2.758956772247361,2.399074328515507,,,
241,2021-08-28,2.947,2.95,2.772,2.847,243063514.39,0.0,2.8322392458521883,2.4737276671183377,,,
242,2021-08-29,2.847,2.935,2.719,2.851,274365688.0,0.0,2.8980623529411766,2.544842652062632,,,
243,2021-08-30,2.85,2.884,2.72,2.734,240691753.9,0.0,2.9425883981900443,2.6034555728696174,,,
244,2021-08-31,2.735,2.881,2.702,2.767,251908426.3,0.0,2.9836879155354445,2.6610615176151757,,,
245,2021-09-01,2.768,2.904,2.72,2.869,196563544.1,0.0,3.029223523378581,2.7226406519120747,,,
246,2021-09-02,2.87,3.101,2.834,2.96,397432179.47,0.0,3.077855927601809,2.787204031918096,,,
247,2021-09-03,2.96,3.03,2.9,2.966,203828698.4,0.0,3.1190636259426854,2.848418585516411,,,
248,2021-09-04,2.965,2.967,2.8,2.83,192271347.0,0.0,3.136867981900452,2.8959202544414335,,,
249,2021-09-05,2.831,2.956,2.813,2.91,169097774.6,0.0,3.158054877828054,2.9458253658536595,,,
250,2021-09-06,2.911,2.927,2.8,2.833,186970542.2,0.0,3.164906901960785,2.9865842186088534,,,
251,2021-09-07,2.833,2.875,2.0,2.514,964890684.8,0.0,3.1303297194570154,3.0007654042457097,,,
252,2021-09-08,2.514,2.564,2.2,2.47,547581870.5,0.0,3.0894900150829563,3.009093025444143,,,
253,2021-09-09,2.47,2.623,2.39,2.518,411631907.8,0.0,3.0535266244343897,3.018413200843119,,,
254,2021-09-10,2.518,2.586,2.269,2.383,322102115.0,0.0,3.0009826666666686,3.0153871341463425,,,
255,2021-09-11,2.384,2.8,2.367,2.638,561119335.07,0.0,2.9766910769230783,3.028714478319784,,,
256,2021-09-12,2.637,2.789,2.501,2.581,466822310.1,0.0,2.94259289291101,3.035073108250527,,,
257,2021-09-13,2.58,2.593,2.309,2.402,378841930.8,0.0,2.88609980693816,3.0258101708822647,,,
258,2021-09-14,2.401,2.438,2.32,2.396,214309623.2,0.0,2.8300800241327315,3.013963703703704,,,
259,2021-09-15,2.396,2.582,2.355,2.505,276853578.3,0.0,2.7878171704374046,3.0079494218608858,,,
260,2021-09-16,2.504,2.56,2.381,2.417,196390696.8,0.0,2.7359913906485676,2.9931937744655226,,,
261,2021-09-17,2.417,2.442,2.313,2.35,130098585.4,0.0,2.6791429441930616,2.971589420355314,,,
262,2021-09-18,2.35,2.439,2.31,2.371,115231963.9,0.0,2.6290147149321266,2.94956199337549,,,
263,2021-09-19,2.371,2.397,2.259,2.283,127205837.0,0.0,2.571770226244343,2.919239683077386,,,
264,2021-09-20,2.283,2.293,1.97,2.079,458599973.03,0.0,2.4947031191553544,2.872870095603734,,,
265,2021-09-21,2.08,2.229,1.9101,1.986,450988800.97,0.0,2.4103382986425346,2.819238282896718,,,
266,2021-09-22,1.986,2.268,1.967,2.257,262894741.0,0.0,2.3634775565610857,2.785158977717556,,,
267,2021-09-23,2.257,2.346,2.179,2.327,190056984.8,0.0,2.3289677164404217,2.7561372899728998,,,
268,2021-09-24,2.327,2.345,2.063,2.277,382004501.6,0.0,2.2926964585218697,2.7234175165612773,,,
269,2021-09-25,2.277,2.459,2.235,2.3,328389858.73,0.0,2.262572911010558,2.6923705532972004,,,
270,2021-09-26,2.299,2.301,2.147,2.207,231090029.9,0.0,2.2253664977375576,2.654265697831979,,,
271,2021-09-27,2.206,2.277,2.128,2.13,150915484.2,0.0,2.183983306184012,2.6101309989461012,,,
272,2021-09-28,2.129,2.173,2.029,2.037,151911770.2,0.0,2.1375997224736034,2.5593973599819324,,,
273,2021-09-29,2.037,2.15,2.02,2.066,136138441.2,0.0,2.1006985218702874,2.5119790311653105,,,
274,2021-09-30,2.066,2.137,2.051,2.115,124916940.9,0.0,2.0744200663650068,2.4693032520325193,,,
275,2021-10-01,2.115,2.275,2.092,2.256,197157573.9,0.0,2.0694490497737545,2.437928035983139,,,
276,2021-10-02,2.255,2.322,2.192,2.247,147408004.5,0.0,2.0673293634992453,2.407297735621801,,,
277,2021-10-03,2.247,2.309,2.221,2.251,136980609.8,0.0,2.0673962956259437,2.3788922192110813,,,
278,2021-10-04,2.251,2.253,2.15,2.191,149496124.6,0.0,2.0619826606334835,2.347571677205661,,,
279,2021-10-05,2.191,2.258,2.175,2.233,131834376.0,0.0,2.0634148717948713,2.3209631210478765,,,
280,2021-10-06,2.232,2.251,2.111,2.209,192646609.5,0.0,2.0631457737556564,2.2936526445347787,,,
281,2021-10-07,2.209,2.375,2.15,2.278,254708498.4,0.0,2.073649785822021,2.2734849239686827,,,
282,2021-10-08,2.278,2.313,2.213,2.237,138317391.4,0.0,2.081454799396682,2.2520739897621205,,,
283,2021-10-09,2.238,2.3,2.22,2.268,108667313.3,0.0,2.093668663650076,2.2347847289972904,,,
284,2021-10-10,2.269,2.277,2.16,2.189,110373473.1,0.0,2.097467197586728,2.2132139031918094,,,
285,2021-10-11,2.189,2.25,2.107,2.171,124908952.1,0.0,2.1009547631975862,2.1920508717253835,,,
286,2021-10-12,2.171,2.173,2.071,2.118,150529530.2,0.0,2.0994620150829566,2.169025504366155,,,
287,2021-10-13,2.117,2.2,2.078,2.19,133035035.4,0.0,2.107025098039215,2.1535736487503763,2.19,,
288,2021-10-14,2.189,2.225,2.155,2.172,109132237.4,0.0,2.1132240120663655,2.1389996130683526,,,
289,2021-10-15,2.172,2.243,2.136,2.218,205811006.8,0.0,2.1249342986425357,2.1296654516711833,,,
290,2021-10-16,2.217,2.25,2.169,2.179,103000332.9,0.0,2.1310754751131222,2.119466717103281,,,
291,2021-10-17,2.178,2.189,2.089,2.158,109914412.1,0.0,2.133020150829563,2.109607996838301,,,
292,2021-10-18,2.158,2.176,2.105,2.128,96988762.8,0.0,2.131594751131222,2.0987007399879554,,,
293,2021-10-19,2.127,2.157,2.093,2.11,94391775.6,0.0,2.1287635595776786,2.087568198584763,,,
294,2021-10-20,2.11,2.208,2.092,2.19,135969738.8,0.0,2.135641085972851,2.083504391749472,,,
295,2021-10-21,2.19,2.298,2.131,2.137,265787667.1,0.0,2.136667571644041,2.076319535531467,,,
296,2021-10-22,2.136,2.21,2.125,2.156,130738721.4,0.0,2.1397286877828043,2.0719969248720265,,,
297,2021-10-23,2.157,2.175,2.131,2.166,74106470.8,0.0,2.1431455203619905,2.069682311803674,,,
298,2021-10-24,2.167,2.169,2.093,2.12,97230595.4,0.0,2.139868054298643,2.0648349789220104,,,
299,2021-10-25,2.119,2.178,2.114,2.144,105874037.9,0.0,2.1384525490196067,2.062636261668173,,,
300,2021-10-26,2.145,2.202,2.122,2.137,142897864.5,0.0,2.1354553846153848,2.061036802920808,,,
301,2021-10-27,2.138,2.156,1.804,1.912,397889032.1,0.0,2.1068527903469088,2.0439296379102685,,,
302,2021-10-28,1.912,2.058,1.905,1.987,253879713.5,0.0,2.0884368627450973,2.033506141222522,,,
303,2021-10-29,1.987,2.048,1.979,2.015,154761692.9,0.0,2.0744763800904993,2.0262177582053598,,,
304,2021-10-30,2.016,2.019,1.924,1.955,122995185.8,0.0,2.0543266365007544,2.0153148690153575,,,
305,2021-10-31,1.957,2.029,1.918,1.964,146413161.5,0.0,2.0365836500754146,2.0054201219512184,,,
306,2021-11-01,1.965,2.019,1.911,1.949,144061135.4,0.0,2.0181002714932132,1.9945266064438418,,,
307,2021-11-02,1.949,1.996,1.933,1.971,124263204.0,0.0,2.0036676923076917,1.9859289235170137,,,
308,2021-11-03,1.971,2.144,1.95,2.063,335561983.7,0.0,2.001080000000001,1.9848366245106905,,,
309,2021-11-04,2.063,2.103,1.933,1.983,174549100.4,0.0,1.9903222322775274,1.978404701144233,,,
310,2021-11-05,1.983,2.017,1.959,1.982,108180863.7,0.0,1.980308114630466,1.9726457949412826,,,
311,2021-11-06,1.982,2.04,1.942,2.005,105480654.3,0.0,1.973752398190045,1.9691296025293583,,,
312,2021-11-07,2.004,2.035,1.974,2.021,82637102.7,0.0,1.9694555656108597,1.9670535538994274,,,
313,2021-11-08,2.02,2.14,2.008,2.125,189974471.1,0.0,1.9778457918552046,1.9724653093947597,,,
314,2021-11-09,2.126,2.378,2.105,2.27,581074544.2,0.0,2.0030227450980385,1.9881971890996673,,,
315,2021-11-10,2.269,2.331,1.932,2.097,479840587.6,0.0,2.0081984313725494,1.9908939280337254,,,
316,2021-11-11,2.097,2.153,2.058,2.079,151168963.6,0.0,2.0119024434389146,1.9924791952725087,,,
317,2021-11-12,2.079,2.099,1.991,2.045,160252178.8,0.0,2.012055565610859,1.991738565191206,,,
318,2021-11-13,2.046,2.08,2.021,2.05,82511465.5,0.0,2.013071432880845,1.9916567901234572,,,
319,2021-11-14,2.05,2.07,2.009,2.04,59859608.6,0.0,2.0131321870286576,1.9909775669978929,,,
320,2021-11-15,2.04,2.095,2.011,2.017,93079577.9,0.0,2.0112755957767714,1.988942457091239,,,
321,2021-11-16,2.018,2.018,1.759,1.874,268941429.22,0.0,1.9936162895927598,1.976668556157784,,,
322,2021-11-17,1.874,1.893,1.795,1.876,207985172.0,0.0,1.97772084464555,1.9652254516711831,,,
323,2021-11-18,1.877,1.907,1.701,1.786,221759905.97,0.0,1.9531669984917048,1.9478036434808794,,,
324,2021-11-19,1.786,1.894,1.754,1.863,144849476.6,0.0,1.939275475113122,1.936875813008131,,,
325,2021-11-20,1.862,1.956,1.86,1.922,128183408.0,0.0,1.9336787330316731,1.9307633995784397,,,
326,2021-11-21,1.921,1.924,1.832,1.835,87455485.3,0.0,1.9191702564102566,1.9186263625414033,,,
327,2021-11-22,1.835,1.839,1.757,1.776,144285714.0,0.0,1.8980492911010554,1.9025330397470641,,,
328,2021-11-23,1.776,1.816,1.738,1.751,144774307.8,0.0,1.8749884766214175,1.8852604486600437,,,
329,2021-11-24,1.751,1.754,1.586,1.666,290146559.06,0.0,1.8434635897435896,1.8624877446552242,,,
330,2021-11-25,1.665,1.749,1.619,1.675,216037163.1,0.0,1.8143041327300153,1.841333258054803,,,
331,2021-11-26,1.676,1.685,1.495,1.533,337429397.07,0.0,1.7702267873303177,1.810703146642577,,,
332,2021-11-27,1.532,1.585,1.531,1.543,107756518.0,0.0,1.729271432880844,1.782023343872329,,,
333,2021-11-28,1.543,1.6,1.416,1.594,228010819.22,0.0,1.696251764705883,1.758200609756096,,,
334,2021-11-29,1.595,1.636,1.557,1.601,153848484.7,0.0,1.666392036199095,1.735861314363142,,,
335,2021-11-30,1.602,1.629,1.544,1.554,185671961.6,0.0,1.633034268476621,1.7112923742848543,,,
336,2021-12-01,1.553,1.622,1.531,1.548,157458493.8,0.0,1.6011386425339367,1.687373599819331,,,
337,2021-12-02,1.547,1.76,1.517,1.719,441382037.0,0.0,1.591210075414781,1.677079629629629,,,
338,2021-12-03,1.72,1.729,1.509,1.556,276255974.6,0.0,1.5640857918552025,1.6557873532068654,,,
339,2021-12-04,1.557,1.558,1.188,1.42,612957918.54,0.0,1.5243901659125183,1.6257011592893702,,,
340,2021-12-05,1.419,1.435,1.284,1.378,270618794.7,0.0,1.4844849472096524,1.5939854185486295,,,
341,2021-12-06,1.378,1.442,1.255,1.42,338310628.7,0.0,1.4531905882352933,1.5668607422463114,,,
342,2021-12-07,1.42,1.479,1.365,1.378,229514365.2,0.0,1.4205583107088977,1.5375885049683828,,,
343,2021-12-08,1.378,1.423,1.337,1.396,187594478.2,0.0,1.3935057616892907,1.510806805179163,,,
344,2021-12-09,1.396,1.409,1.287,1.289,174568058.8,0.0,1.3576523680241337,1.477464046973802,,,
345,2021-12-10,1.288,1.334,1.207,1.211,192968833.1,0.0,1.3167726696832573,1.4398180216802166,,,
346,2021-12-11,1.211,1.362,1.192,1.354,179118114.1,0.0,1.2965188536953238,1.414189739536285,,,
347,2021-12-12,1.354,1.415,1.319,1.346,149463677.1,0.0,1.277918974358974,1.3891510162601637,,,
348,2021-12-13,1.345,1.357,1.2,1.223,184388318.4,0.0,1.2478379487179494,1.3563709424872021,,,
349,2021-12-14,1.223,1.284,1.198,1.266,175476318.0,0.0,1.2254471191553542,1.3284477341162306,,,
350,2021-12-15,1.267,1.331,1.204,1.311,170247496.3,0.0,1.21119987933635,1.3052333032219208,,,
351,2021-12-16,1.311,1.331,1.236,1.24,117662885.3,0.0,1.1919260331825032,1.278205171635049,,,
352,2021-12-17,1.24,1.259,1.182,1.218,138092226.1,0.0,1.1732647963800906,1.2511650707618185,,,
353,2021-12-18,1.218,1.267,1.2,1.242,81211094.1,0.0,1.1601853996983407,1.2275795995182162,1.242,,
354,2021-12-19,1.242,1.312,1.24,1.243,124074683.5,0.0,1.1497466666666665,1.2059663354411325,,,
355,2021-12-20,1.244,1.261,1.201,1.237,123106967.7,0.0,1.140664796380091,1.1861515959048476,,,
356,2021-12-21,1.238,1.289,1.227,1.28,122949048.2,0.0,1.1386372247360481,1.1712533047274907,,,
357,2021-12-22,1.279,1.369,1.276,1.327,161174698.1,0.0,1.143029502262443,1.1614302092743143,,,
358,2021-12-23,1.327,1.49,1.307,1.475,216795659.8,0.0,1.1652112217194575,1.163857851550738,,,
359,2021-12-24,1.475,1.491,1.381,1.392,126334018.1,0.0,1.1781497435897443,1.16141876693767,,,
360,2021-12-25,1.393,1.46,1.381,1.452,87587873.9,0.0,1.1987887179487182,1.1646727792833476,,,
361,2021-12-26,1.453,1.467,1.407,1.455,103769249.9,0.0,1.2199835897435902,1.1692898072869626,,,
362,2021-12-27,1.455,1.594,1.45,1.516,181366355.6,0.0,1.248311855203621,1.179119820837097,,,
363,2021-12-28,1.516,1.54,1.376,1.4,233458767.4,0.0,1.2641961387631984,1.181152476663656,,,
364,2021-12-29,1.4,1.438,1.333,1.373,112036346.6,0.0,1.2773767722473601,1.1818912149954837,,,
